Gallery,Artist,Website
Luhring Augustine,Janine Antoni,
Luhring Augustine,Charles Atlas,
Luhring Augustine,Jonathan Berger,
Luhring Augustine,Cardiff and Miller,
Luhring Augustine,Larry Clark,
Luhring Augustine,Sarah Crowner,
Luhring Augustine,Jeff Elrod,
Luhring Augustine,Tomm El-Saieh,
Luhring Augustine,Christina Forrer,
Luhring Augustine,Lee Friedlander,
Luhring Augustine,Mark Handforth,
Luhring Augustine,Ragnar Kjartansson,
Luhring Augustine,Emily Kraus,
Luhring Augustine,Eva LeWitt,
Luhring Augustine,Jeremy Moon,
Luhring Augustine,Jason Moran,
Luhring Augustine,Yasumasa Morimura,
Luhring Augustine,Reinhard Mucha,
Luhring Augustine,Lucia Nogueira,
Luhring Augustine,Richard Rezac,
Luhring Augustine,Pipilotti Rist,
Luhring Augustine,Mohammed Sami,
Luhring Augustine,Constanza Schaffner,
Luhring Augustine,Diego Singh,
Luhring Augustine,Philip Taaffe,
Luhring Augustine,Salman Toor,
Luhring Augustine,Oscar Tuazon,
Luhring Augustine,Tunga,
Luhring Augustine,Rachel Whiteread,
Luhring Augustine,Steve Wolfe,
Luhring Augustine,Christopher Wool,
Luhring Augustine,Zarina,
Luhring Augustine,Nobuyoshi Araki,
Luhring Augustine,Frank Auerbach,
Luhring Augustine,Boyle Family,
Luhring Augustine,George Condo,
Luhring Augustine,Günther Förg,
Luhring Augustine,Tom Friedman,
Luhring Augustine,Julio Galán,
Luhring Augustine,Sanya Kantarovsky,
Luhring Augustine,Martin Kippenberger,
Luhring Augustine,Simone Leigh,
Luhring Augustine,Glenn Ligon,
Luhring Augustine,Kim MacConnel,
Luhring Augustine,Ritsue Mishima,
Luhring Augustine,Daidō Moriyama,
Luhring Augustine,Albert Oehlen,
Luhring Augustine,Jack Pierson,
Luhring Augustine,Michelangelo Pistoletto,
Luhring Augustine,Josh Smith,
Magenta Plains,Alex Kwartler,
Magenta Plains,Anne Libby,
Magenta Plains,Estate of Barbara Ess,
Magenta Plains,Bill Saylor,
Magenta Plains,Chason Matthams,
Magenta Plains,Don Dudley,
Magenta Plains,Ebecho Muslimova,
Magenta Plains,Jane Swavely,
Magenta Plains,Jennifer Bolande,
Magenta Plains,Jibade-Khalil Huffman,
Magenta Plains,Ken Lum,
Magenta Plains,Liza Lacroix,
Magenta Plains,Matt Keegan,
Magenta Plains,Estate of Paul Gardère,
Magenta Plains,Peter Nagy,
Magenta Plains,Rachel Rossin,
Magenta Plains,Sascha Braunig,
Magenta Plains,Stan VanDerBeek Archive,
Magenta Plains,Tiril Hasselknippe,
Magenta Plains,Zach Bruder,
Tanya Bonakdar Gallery,Uta Barth,
Tanya Bonakdar Gallery,Math Bass,
Tanya Bonakdar Gallery,Nathalie Djurberg & Hans Berg,
Tanya Bonakdar Gallery,Monica Bonvicini,
Tanya Bonakdar Gallery,Martin Boyce,
Tanya Bonakdar Gallery,Sandra Cinto,
Tanya Bonakdar Gallery,Phil Collins,
Tanya Bonakdar Gallery,Mark Dion,
Tanya Bonakdar Gallery,Olafur Eliasson,
Tanya Bonakdar Gallery,Meschac Gaba,
Tanya Bonakdar Gallery,Shilpa Gupta,
Tanya Bonakdar Gallery,Rodrigo Hernández,
Tanya Bonakdar Gallery,Sabine Hornig,
Tanya Bonakdar Gallery,Teresa Hubbard & Alexander Birchler,
Tanya Bonakdar Gallery,Jónsi,
Tanya Bonakdar Gallery,Kimsooja,
Tanya Bonakdar Gallery,Carla Klein,
Tanya Bonakdar Gallery,Laura Lima,
Tanya Bonakdar Gallery,Liu Shiyuan,
Tanya Bonakdar Gallery,Charles Long,
Tanya Bonakdar Gallery,Rita Lundqvist,
Tanya Bonakdar Gallery,Mark Manders,
Tanya Bonakdar Gallery,Yuko Mohri,
Tanya Bonakdar Gallery,Ernesto Neto,
Tanya Bonakdar Gallery,Rivane Neuenschwander,
Tanya Bonakdar Gallery,Karyn Olivier,
Tanya Bonakdar Gallery,Lisa Oppenheim,
Tanya Bonakdar Gallery,Susan Philipsz,
Tanya Bonakdar Gallery,Amalia Pica,
Tanya Bonakdar Gallery,Dana Powell,
Tanya Bonakdar Gallery,Magali Reus,
Tanya Bonakdar Gallery,Sherrill Roland,
Tanya Bonakdar Gallery,Analia Saban,
Tanya Bonakdar Gallery,Tomás Saraceno,
Tanya Bonakdar Gallery,Thomas Scheibitz,
Tanya Bonakdar Gallery,Slavs and Tatars,
Tanya Bonakdar Gallery,Hannah Starkey,
Tanya Bonakdar Gallery,Haim Steinbach,
Tanya Bonakdar Gallery,Dirk Stewen,
Tanya Bonakdar Gallery,Sarah Sze,
Tanya Bonakdar Gallery,Jeffrey Vallance,
Tanya Bonakdar Gallery,Gillian Wearing,
Tanya Bonakdar Gallery,Nicole Wermers,
Tanya Bonakdar Gallery,Lisa Williamson,
Tanya Bonakdar Gallery,Wong Ping,
Tanya Bonakdar Gallery,Liu Ye,
Sanatorium,Gizem Akkoyunoğlu,
Sanatorium,Kerem Ozan Bayraktar,
Sanatorium,Ludovic Bernhardt,
Sanatorium,Luz Blanco,
Sanatorium,Irmak Canevi,
Sanatorium,Guido Casaretto,
Sanatorium,Mehmet Dere,
Sanatorium,Yunus Emre Erdoğan,
Sanatorium,Erol Eskici,
Sanatorium,Çağla Köseoğulları,
Sanatorium,Gülşah Mursaloğlu,
Sanatorium,Yağız Özgen,
Sanatorium,Zeyno Pekünlü,
Sanatorium,Christiane Peschek,
Sanatorium,Farid Rasulov,
Sanatorium,Sergen Şehitoğlu,
Sanatorium,Merve Şendil,
Sanatorium,Berkay Tuncay,
Sanatorium,Clemens Wolf,
56 Henry,Ohad Meromi,
56 Henry,Al Freeman,
56 Henry,Jo Messer,
56 Henry,Nikita Gale,
56 Henry,Daid Roy,
56 Henry,LaKela Brown,
56 Henry,Richard Tinkler,
56 Henry,Christopher K. Ho,
56 Henry,Mika Horibuchi,
56 Henry,Kunle Martins,
56 Henry,Pierre Bellot,
56 Henry,Kevin Reinhardt,
56 Henry,Cynthia Talmadge,
56 Henry,Gregg Moore,
56 Henry,Matthew Tully Dugan,
56 Henry,Todd Eberle,
56 Henry,Polly Apfelbaum,
56 Henry,Oren Pinhassi,
56 Henry,Laurie Simmons,
56 Henry,Koichi Sato,
56 Henry,Anna Weyant,
56 Henry,Andy Warhol,
56 Henry,Fabrizio Arrieta,
56 Henry,Sadie Laska,
56 Henry,Michelle Segre,
56 Henry,Matt Kenny,
56 Henry,Constance Tenvik,
56 Henry,Clayton Schiff,
Europa,Willa Cosinuke,
Europa,Ana Cristina,
Europa,Aki Goto,
Europa,Larissa Lockshin,
Europa,Richard McDonough,
Europa,Brandon Morris,
Europa,Lorenzo Pace,
Europa,Chris Retsina,
Europa,Sophie Stone,
Europa,Noah Schneiderman,
Europa,Thomas McDonell,
Europa,Suyi Xu,
Europa,Colin Brant,
Europa,Erin Morris,
Europa,Milly Skellington,
Europa,Nick Farhi,
International Waters,Patrick Carlin Mohundro,
International Waters,Brandi Twilley,
International Waters,Rebecca Twilley,
International Waters,Al Freeman,
International Waters,Philip Hinge,
International Waters,Lyndsey Marko,
International Waters,Nicholas Sullivan,
International Waters,Sam Cockrell,
International Waters,Chang Sujung,
International Waters,Chris Domenick,
International Waters,Shaun Krupa,
International Waters,Barbara Bloom,
International Waters,Taylor Baldwin,
International Waters,Serra Victoria Bothwell Fels,
International Waters,Freddy Villalobos,
International Waters,tarah douglas,
International Waters,Carlos Valladares,
International Waters,Emily Janowick,
International Waters,Andy Ralph,
International Waters,Andy Kincaid,
International Waters,Seung-Min Lee,
International Waters,Nathaniel de Large,
Island,Joseph Buckley,
Island,Hông-Ân Truóng,
Island,Alex Callender,
Island,Hings Lim,
Island,Adriana Furlong,
Island,Pacifico Silano,
IRL Gallery NYC,Alexandra Rubinstein,
IRL Gallery NYC,Almendra Bertoni,
IRL Gallery NYC,Ana Won,
IRL Gallery NYC,Anna Ruth,
IRL Gallery NYC,Andrei Pokrovskii,
IRL Gallery NYC,Aron Barath,
IRL Gallery NYC,Aurea Tanttu,
IRL Gallery NYC,Bastien Pery,
IRL Gallery NYC,Bret Shirley,
IRL Gallery NYC,Cary Hulbert,
IRL Gallery NYC,Clara Gesang-Gottowt,
IRL Gallery NYC,Clare Doveton,
IRL Gallery NYC,Chris Baas,
IRL Gallery NYC,Danielle Kosann,
IRL Gallery NYC,Dejan Dukic,
IRL Gallery NYC,"Denis & Marjano Kapurani",
IRL Gallery NYC,Dingyue Fan,
IRL Gallery NYC,Eleonora Rinaldi,
IRL Gallery NYC,Elizabeth Bergeland,
IRL Gallery NYC,Ellen Weider,
IRL Gallery NYC,Esther Ruiz,
IRL Gallery NYC,Gabriele Grones,
IRL Gallery NYC,Gaspard Girard d'Albissin,
IRL Gallery NYC,Gigi Rose Gray,
IRL Gallery NYC,Jen Deluna,
IRL Gallery NYC,Jon Burgerman,
IRL Gallery NYC,Jordan Sears,
IRL Gallery NYC,Kevin Zabasky,
IRL Gallery NYC,Kinderseele,
IRL Gallery NYC,Kolja Kartner Sainz,
IRL Gallery NYC,L Song Wu,
IRL Gallery NYC,Lane Walkup,
IRL Gallery NYC,Laura Benson,
IRL Gallery NYC,Laura Garcia-Karras,
IRL Gallery NYC,Lou Ros,
IRL Gallery NYC,Manuel Tainha,
IRL Gallery NYC,Marisa Regante,
IRL Gallery NYC,Michael McGregor,
IRL Gallery NYC,Murray Clarke,
IRL Gallery NYC,Nicholas Devlin,
IRL Gallery NYC,Oda aka Nick Dangerfield,
IRL Gallery NYC,Olga Titus,
IRL Gallery NYC,Pauline Guerrier,
IRL Gallery NYC,Rebecca Storm,
IRL Gallery NYC,Robert Sagerman,
IRL Gallery NYC,"Saman & Sasan Oskouei",
IRL Gallery NYC,Shawn Huckins,
IRL Gallery NYC,Silvia Giordani,
IRL Gallery NYC,Stephen Morrison,
IRL Gallery NYC,Sydney Kleinrock,
IRL Gallery NYC,Tariq Oliver,
IRL Gallery NYC,Tina Shaw,
IRL Gallery NYC,Tyler Christopher Brown,
IRL Gallery NYC,Ugo Schildge,
IRL Gallery NYC,Yanqing Pei,
IRL Gallery NYC,Ye Cheng,
